timestamp,va_housing,college_happiness,us_cities,movie_match
2026-09-26 20:04 UTC,1,1,1,1
2026-09-26 23:35 UTC,1,1,1,1
2026-09-26 23:58 UTC,1,1,1,1
2026-09-27 03:06 UTC,1,1,1,1
2026-09-27 09:34 UTC,1,1,1,1
2026-09-27 14:51 UTC,1,1,1,1
2026-09-27 16:06 UTC,1,1,1,1
2026-09-27 16:13 UTC,0,0,0,0
2026-09-27 19:21 UTC,1,1,1,1
2026-09-27 22:37 UTC,1,1,1,1
2026-09-28 02:07 UTC,1,1,1,1
2026-09-28 10:13 UTC,1,1,1,1
2026-09-28 18:49 UTC,1,1,1,1
2026-09-29 00:00 UTC,1,1,1,1
2026-09-29 04:24 UTC,1,1,1,1
2026-09-29 11:39 UTC,1,1,1,1
2026-09-29 17:06 UTC,1,1,1,1
2026-09-29 21:34 UTC,1,1,1,1
2026-09-30 00:49 UTC,1,1,1,1
2026-09-30 07:34 UTC,1,1,1,1
